,mean_fit_time,std_fit_time,mean_score_time,std_score_time,param_ccp_alpha,param_criterion,param_max_depth,param_max_features,param_n_estimators,params,split0_test_score,split1_test_score,split2_test_score,split3_test_score,split4_test_score,mean_test_score,std_test_score,rank_test_score,split0_train_score,split1_train_score,split2_train_score,split3_train_score,split4_train_score,mean_train_score,std_train_score
1275,0.005500078201293945,3.015782985847835e-07,0.001399660110473633,0.00019950895190902409,0.0,entropy,6,log2,4,"{'ccp_alpha': 0.0, 'criterion': 'entropy', 'max_depth': 6, 'max_features': 'log2', 'n_estimators': 4}",0.19734655560958517,0.13055824196677338,0.26111648393354675,0.22715834743293495,0.5354174098528154,0.2703194077591311,0.13934327559230297,4,0.8809507743383794,0.9127218649018354,0.8817811728064712,0.8286097177881389,0.8248367505298431,0.8657800560729335,0.03390489098209854
794,0.004999923706054688,0.0017607436821135201,0.0013000965118408203,0.00024469864113603056,0.0,gini,10,log2,3,"{'ccp_alpha': 0.0, 'criterion': 'gini', 'max_depth': 10, 'max_features': 'log2', 'n_estimators': 3}",0.29979422214287604,0.5276448530110863,0.30483638224685217,-0.12311052623669222,0.3742931190698686,0.27669161004679815,0.21618103144474582,3,0.7667959988648082,0.794106100382214,0.7318007973731124,0.8310790979154803,0.8030650115083954,0.785369401208802,0.03374435508607393
3409,0.0046002864837646484,0.0004894940487569477,0.0015002727508544923,0.0005477700887123959,0.1,entropy,10,1.0,2,"{'ccp_alpha': 0.1, 'criterion': 'entropy', 'max_depth': 10, 'max_features': 1.0, 'n_estimators': 2}",0.4244373438135827,0.38969154998823285,0.1005037815259212,-0.11623834450924565,0.6404447607135402,0.2877678183064063,0.2652307791536648,2,0.5827612292955063,0.7023984276289286,0.7697403274637081,0.7106891082216333,0.7050266252826565,0.6941231435784866,0.060961023409138906
