,mean_fit_time,std_fit_time,mean_score_time,std_score_time,param_ccp_alpha,param_criterion,param_max_depth,param_max_features,param_n_estimators,params,split0_test_score,split1_test_score,split2_test_score,split3_test_score,split4_test_score,mean_test_score,std_test_score,rank_test_score,split0_train_score,split1_train_score,split2_train_score,split3_train_score,split4_train_score,mean_train_score,std_train_score
1274,0.0042000293731689455,0.00024446564512271905,0.0014003753662109376,0.000200106041455143,0.0,entropy,6,log2,3,"{'ccp_alpha': 0.0, 'criterion': 'entropy', 'max_depth': 6, 'max_features': 'log2', 'n_estimators': 3}",0.23766353784131744,0.485071250072666,-0.04950737714883372,0.09495469152507922,0.644087327036082,0.28245388586526216,0.2526629950537443,1,0.917910447761194,0.8276317450579058,0.7419224160765294,0.755919669571174,0.7390681659158485,0.7964904888765304,0.06875110671767024
5179,0.034299373626708984,0.004924649621879301,0.003100872039794922,0.0002005102801689856,0.2,entropy,10,0.3,20,"{'ccp_alpha': 0.2, 'criterion': 'entropy', 'max_depth': 10, 'max_features': 0.3, 'n_estimators': 20}",0.04950737714883372,0.3107907802540305,0.6683495915092552,-0.09045340337332909,0.3689323936863109,0.26142534784502025,0.2639355727321099,4,0.7361685442384883,0.6184941385506391,0.6545867730173109,0.56783230314344,0.6923261085634619,0.6538815735026681,0.05814872761654102
