,mean_fit_time,std_fit_time,mean_score_time,std_score_time,param_ccp_alpha,param_criterion,param_max_depth,param_max_features,param_n_estimators,params,split0_test_score,split1_test_score,split2_test_score,split3_test_score,split4_test_score,mean_test_score,std_test_score,rank_test_score,split0_train_score,split1_train_score,split2_train_score,split3_train_score,split4_train_score,mean_train_score,std_train_score
1278,0.015499496459960937,0.00902810014347646,0.002300119400024414,0.0005992174978608677,0.0,entropy,6,log2,7,"{'ccp_alpha': 0.0, 'criterion': 'entropy', 'max_depth': 6, 'max_features': 'log2', 'n_estimators': 7}",0.485071250072666,0.2695690340429192,0.13055824196677338,0.2202669294643057,0.2603778219616477,0.2731686555016624,0.1168037627386561,2,0.9419943722384388,0.8837632529899395,0.9131371100178342,0.895078917098187,0.8837700967652802,0.9035487498219359,0.022019998193602938
3002,0.00410008430480957,0.00019955637919290173,0.001400327682495117,0.00019984413119871877,0.1,entropy,6,log2,3,"{'ccp_alpha': 0.1, 'criterion': 'entropy', 'max_depth': 6, 'max_features': 'log2', 'n_estimators': 3}",0.08574929257125442,0.46193488543715594,0.0,0.29690930646974306,0.4125347256243004,0.2514256420204908,0.1805561122462985,6,0.6966701819331149,0.762858396031035,0.7912593516755589,0.7455340408528641,0.7073220988750275,0.7407288138735202,0.034995186865633666
3029,0.011599969863891602,0.0012414077097705563,0.0014998435974121094,3.504023183989303e-07,0.1,entropy,6,1.0,6,"{'ccp_alpha': 0.1, 'criterion': 'entropy', 'max_depth': 6, 'max_features': 1.0, 'n_estimators': 6}",0.25928148942086576,-0.16414266736368963,0.1875916198442167,0.4343722427630694,0.6348401892428032,0.27038857478145306,0.26665023012946243,3,0.8806533853698264,0.8214832630362361,0.7354210116108963,0.8568487074016475,0.8238605317553986,0.8236533798348009,0.04927602566055726
