,mean_fit_time,std_fit_time,mean_score_time,std_score_time,param_ccp_alpha,param_criterion,param_max_depth,param_max_features,param_n_estimators,params,split0_test_score,split1_test_score,split2_test_score,split3_test_score,split4_test_score,mean_test_score,std_test_score,rank_test_score,split0_train_score,split1_train_score,split2_train_score,split3_train_score,split4_train_score,mean_train_score,std_train_score
242,0.00449986457824707,0.0005476396271139411,0.0014002323150634766,0.0001999146823154135,0.0,gini,4,1.0,3,"{'ccp_alpha': 0.0, 'criterion': 'gini', 'max_depth': 4, 'max_features': 1.0, 'n_estimators': 3}",0.11195276887997478,0.17367720073019352,0.2819419372173005,0.06905795747278488,0.644087327036082,0.2561434382672671,0.20676490513485335,3,0.8589708119909838,0.7714949372110587,0.7087608099014473,0.720589532584248,0.7717316498513194,0.7663095483078115,0.052999196900548315
106,0.014900112152099609,0.0007998229121402769,0.0020998477935791015,0.0002002249731539131,0.0,gini,3,sqrt,11,"{'ccp_alpha': 0.0, 'criterion': 'gini', 'max_depth': 3, 'max_features': 'sqrt', 'n_estimators': 11}",-0.08956221510397983,0.17327582002091801,0.4479043597778675,0.1909571848992503,0.5906244232186183,0.2626399145625348,0.2362487874450019,2,0.7969434351950535,0.884989744076354,0.8072196660122155,0.7021144987643878,0.7153867873592966,0.7813308262814614,0.06675777053311772
