,Name,Stage,Features,Train MCC,Train Stdev,Test MCC,Test Stdev,Params
0,SVC with RBF Kernel,Baseline,572,0.8706984326080219,0.03572067846843903,0.42730230473734876,0.1752699481286872,"{'C': 21, 'break_ties': False, 'class_weight': None, 'gamma': 'auto'}"
1,SVC with RBF Kernel,SFS,286,0.8100884617426081,0.06806115887054766,0.6092161001655408,0.26234340298268566,"{'C': 21, 'break_ties': False, 'class_weight': None, 'gamma': 'auto'}"
2,SVC with RBF Kernel,SFS + PCA w/75% variance,18,0.9094251256051891,0.03288018700380042,0.5399514714262329,0.13539681445256757,"{'C': 6, 'break_ties': False, 'class_weight': None, 'gamma': 'scale'}"
3,SVC with RBF Kernel,SFS + PCA w/80% variance,22,0.9455687812662983,0.029637153953500816,0.5384968103043783,0.17435199606415241,"{'C': 26, 'break_ties': False, 'class_weight': 'balanced', 'gamma': 'scale'}"
4,SVC with RBF Kernel,SFS + PCA w/85% variance,27,0.7532333884457201,0.07526213084516792,0.5402925709084743,0.12070947557343727,"{'C': 1, 'break_ties': False, 'class_weight': None, 'gamma': 0.1}"
5,SVC with RBF Kernel,SFS + PCA w/90% variance,34,0.8020956031324733,0.048393142266675,0.5384339605368849,0.1768502884365692,"{'C': 1, 'break_ties': False, 'class_weight': None, 'gamma': 0.1}"
6,SVC with RBF Kernel,SFS + PCA w/95% variance,43,0.7617153749501175,0.07481476883933609,0.5484138003432714,0.21251233427048025,"{'C': 71, 'break_ties': False, 'class_weight': None, 'gamma': 0.001}"
7,SVC with RBF Kernel,SFS + PCA w/100% variance,71,0.8100884617426081,0.06806115887054766,0.6092161001655408,0.26234340298268566,"{'C': 76, 'break_ties': False, 'class_weight': None, 'gamma': 0.001}"
