,Name,Stage,Features,Train MCC,Train Stdev,Test MCC,Test Stdev,Params
0,SVC with RBF Kernel,Baseline,572,0.6896361779583469,0.04296997760662994,0.2299609928632556,0.23646145657414622,"{'C': 11, 'break_ties': False, 'class_weight': 'balanced', 'gamma': 0.001}"
1,SVC with RBF Kernel,SFS,286,0.7099687002229926,0.05154997314889714,0.2825698763549705,0.20846344522674098,"{'C': 36, 'break_ties': False, 'class_weight': None, 'gamma': 0.001}"
2,SVC with RBF Kernel,SFS + PCA w/75% variance,23,0.9443947101585988,0.016727035625797772,0.3226391928587943,0.15795258529359968,"{'C': 16, 'break_ties': False, 'class_weight': 'balanced', 'gamma': 0.1}"
3,SVC with RBF Kernel,SFS + PCA w/80% variance,27,0.9443947101585988,0.016727035625797772,0.32725618069236456,0.1794477818967895,"{'C': 16, 'break_ties': False, 'class_weight': 'balanced', 'gamma': 0.1}"
4,SVC with RBF Kernel,SFS + PCA w/85% variance,31,0.9609441224620692,0.022115014164535495,0.3146031693562671,0.12338381169076733,"{'C': 16, 'break_ties': False, 'class_weight': None, 'gamma': 'scale'}"
5,SVC with RBF Kernel,SFS + PCA w/90% variance,37,0.9443947101585988,0.016727035625797772,0.2872013168366517,0.06694917416664375,"{'C': 11, 'break_ties': False, 'class_weight': 'balanced', 'gamma': 0.1}"
6,SVC with RBF Kernel,SFS + PCA w/95% variance,45,0.9443947101585988,0.016727035625797772,0.33345918201727626,0.052445373331520294,"{'C': 71, 'break_ties': False, 'class_weight': 'balanced', 'gamma': 'auto'}"
7,SVC with RBF Kernel,SFS + PCA w/100% variance,73,0.7099687002229926,0.05154997314889714,0.2825698763549705,0.20846344522674098,"{'C': 36, 'break_ties': False, 'class_weight': None, 'gamma': 0.001}"
