,Name,Stage,Train MCC,Train Stdev,Test MCC,Test Stdev,Params
0,SVC with RBF Kernel,Baseline,0.5457326385590006,0.09986195163646155,0.1952923532996684,0.3020034005669068,"{'C': 66, 'break_ties': True, 'class_weight': 'balanced', 'gamma': 0.0001}"
1,SVC with RBF Kernel,SFS,0.30923871660576346,0.05963886071523491,0.13082945864116927,0.21724089739915414,"{'C': 61, 'break_ties': True, 'class_weight': 'balanced', 'gamma': 0.0001}"
2,SVC with RBF Kernel,PCA 75% variance,0.9547649367814672,0.014152702554598861,0.13191500867458356,0.16114826959768064,"{'C': 51, 'break_ties': False, 'class_weight': None, 'gamma': 0.1}"
3,SVC with RBF Kernel,PCA 80% variance,0.7839405408064921,0.04828999195823598,0.12126497244536028,0.23735025268700294,"{'C': 31, 'break_ties': False, 'class_weight': 'balanced', 'gamma': 0.01}"
4,SVC with RBF Kernel,PCA 85% variance,0.9378295971471935,0.021482219757857968,0.15295744567983505,0.1410004986661323,"{'C': 51, 'break_ties': True, 'class_weight': None, 'gamma': 'auto'}"
5,SVC with RBF Kernel,PCA 90% variance,0.9378295971471935,0.021482219757857968,0.16727642717886781,0.28245855845966794,"{'C': 81, 'break_ties': True, 'class_weight': None, 'gamma': 'auto'}"
6,SVC with RBF Kernel,PCA 95% variance,0.9378295971471935,0.021482219757857968,0.20994593535229783,0.1665384751170761,"{'C': 86, 'break_ties': True, 'class_weight': None, 'gamma': 0.01}"
7,SVC with RBF Kernel,PCA 100% variance,0.30923871660576346,0.05963886071523491,0.13082945864116927,0.21724089739915414,"{'C': 61, 'break_ties': True, 'class_weight': 'balanced', 'gamma': 0.0001}"
