,mean_fit_time,std_fit_time,mean_score_time,std_score_time,param_alpha,param_gamma,param_lambda,param_max_depth,param_n_estimators,param_subsample,params,split0_test_score,split1_test_score,split2_test_score,split3_test_score,split4_test_score,mean_test_score,std_test_score,rank_test_score,split0_train_score,split1_train_score,split2_train_score,split3_train_score,split4_train_score,mean_train_score,std_train_score
867,0.004503965377807617,0.00031665724941619904,0.0019016265869140625,0.00020027177674422517,0.0,0,9,2,2,1,"{'alpha': 0.0, 'gamma': 0, 'lambda': 9, 'max_depth': 2, 'n_estimators': 2, 'subsample': 1}",0.4107142857142857,0.12453387034667947,0.3502363984578899,0.38399085873473177,0.059172633541393856,0.26572960935899614,0.14474093951588865,1,0.703956168128773,0.6993902515425411,0.7356222633157008,0.671342291531099,0.7113398810580539,0.7043301711152334,0.020693351351779285
3,0.01991720199584961,0.03283116999663761,0.0016015052795410156,0.0007355140812423689,0.0,0,1,2,2,1,"{'alpha': 0.0, 'gamma': 0, 'lambda': 1, 'max_depth': 2, 'n_estimators': 2, 'subsample': 1}",0.4107142857142857,0.12453387034667947,0.3502363984578899,0.38399085873473177,0.059172633541393856,0.26572960935899614,0.14474093951588865,1,0.703956168128773,0.6993902515425411,0.7356222633157008,0.671342291531099,0.7113398810580539,0.7043301711152334,0.020693351351779285
435,0.00440373420715332,0.00020010479155872665,0.0020017147064208983,2.7804145311571603e-07,0.0,0,5,2,2,1,"{'alpha': 0.0, 'gamma': 0, 'lambda': 5, 'max_depth': 2, 'n_estimators': 2, 'subsample': 1}",0.4107142857142857,0.12453387034667947,0.3502363984578899,0.38399085873473177,0.059172633541393856,0.26572960935899614,0.14474093951588865,1,0.703956168128773,0.6993902515425411,0.7356222633157008,0.671342291531099,0.7113398810580539,0.7043301711152334,0.020693351351779285
