,mean_fit_time,std_fit_time,mean_score_time,std_score_time,param_C,param_break_ties,param_class_weight,param_gamma,params,split0_test_score,split1_test_score,split2_test_score,split3_test_score,split4_test_score,mean_test_score,std_test_score,rank_test_score,split0_train_score,split1_train_score,split2_train_score,split3_train_score,split4_train_score,mean_train_score,std_train_score
47,0.0009006977081298829,0.0002001286405081905,0.0010010242462158204,2.431401974483864e-07,10,True,balanced,auto,"{'C': 10, 'break_ties': True, 'class_weight': 'balanced', 'gamma': 'auto'}",0.2618174690443214,0.3107907802540305,-0.028194193721730047,0.1995173238955336,0.5532833351724882,0.2594429429289288,0.18724882754410613,7,0.8911080989768786,0.7745690053313743,0.8300895488700649,0.8340592924819503,0.7535215228789052,0.8166694937078347,0.048546320720956555
6,0.002402067184448242,0.0023130537071931736,0.0010008811950683594,0.00031628048326924634,5,False,balanced,0.1,"{'C': 5, 'break_ties': False, 'class_weight': 'balanced', 'gamma': 0.1}",0.2835891290540719,0.18190171877724975,-0.021437323142813606,0.2507132682112035,0.6735753140545634,0.273668421390855,0.2263004244199855,2,0.8911080989768786,0.8036434731581917,0.8300895488700649,0.8906970649169821,0.7783252838948661,0.8387726939633968,0.04560369165744483
35,0.0010009288787841796,0.00031665722787489373,0.0007004737854003906,0.0002451844086856641,10,False,balanced,auto,"{'C': 10, 'break_ties': False, 'class_weight': 'balanced', 'gamma': 'auto'}",0.2618174690443214,0.3107907802540305,-0.028194193721730047,0.1995173238955336,0.6735753140545634,0.2835013387053438,0.22697137693851638,1,0.8911080989768786,0.768718382332851,0.8300895488700649,0.8340592924819503,0.7783252838948661,0.8204601213113223,0.0440938820166642
