,mean_fit_time,std_fit_time,mean_score_time,std_score_time,param_C,param_break_ties,param_class_weight,param_gamma,params,split0_test_score,split1_test_score,split2_test_score,split3_test_score,split4_test_score,mean_test_score,std_test_score,rank_test_score,split0_train_score,split1_train_score,split2_train_score,split3_train_score,split4_train_score,mean_train_score,std_train_score
104,0.0010009288787841796,2.3360154559928684e-07,0.001000833511352539,1.784161275279017e-07,250,False,balanced,0.001,"{'C': 250, 'break_ties': False, 'class_weight': 'balanced', 'gamma': 0.001}",0.014705882352941176,0.3107907802540305,0.3858718165706449,0.23115423855882586,0.5222329678670935,0.2929511371207072,0.16897451992511972,1,0.8860110752076605,0.7183076503181222,0.7713721504829576,0.7780685762236735,0.7774340832469321,0.7862387070958692,0.054652430611439914
116,0.0009006977081298829,0.00020036697387695315,0.0010011672973632812,1.784161275279017e-07,250,True,balanced,0.001,"{'C': 250, 'break_ties': True, 'class_weight': 'balanced', 'gamma': 0.001}",0.014705882352941176,0.3107907802540305,0.3858718165706449,0.23115423855882586,0.5222329678670935,0.2929511371207072,0.16897451992511972,1,0.8860110752076605,0.7188448986949684,0.7713721504829576,0.7780685762236735,0.7774340832469321,0.7863461567712384,0.054519134379341395
23,0.000901031494140625,0.00020029558310715907,0.0008006095886230469,0.00024518459415715524,5,True,balanced,auto,"{'C': 5, 'break_ties': True, 'class_weight': 'balanced', 'gamma': 'auto'}",0.040512732722010274,0.38052119532359524,0.15831025718843605,0.23115423855882586,0.6454972243679028,0.291199129632154,0.20862122725740467,3,0.86566069724823,0.8258369291204958,0.6802486559016849,0.8044127505526923,0.8030650115083954,0.7958448088662996,0.0620673780323501
11,0.0009006977081298829,0.0002002479561964795,0.0008007049560546875,0.00024526222947632737,5,False,balanced,auto,"{'C': 5, 'break_ties': False, 'class_weight': 'balanced', 'gamma': 'auto'}",0.040512732722010274,0.38052119532359524,0.15831025718843605,0.23115423855882586,0.6454972243679028,0.291199129632154,0.20862122725740467,3,0.86566069724823,0.8258369291204958,0.6802486559016849,0.8044127505526923,0.8030650115083954,0.7958448088662996,0.0620673780323501
