,mean_fit_time,std_fit_time,mean_score_time,std_score_time,param_C,param_break_ties,param_class_weight,param_gamma,params,split0_test_score,split1_test_score,split2_test_score,split3_test_score,split4_test_score,mean_test_score,std_test_score,rank_test_score,split0_train_score,split1_train_score,split2_train_score,split3_train_score,split4_train_score,mean_train_score,std_train_score
16,0.0010006427764892578,2.611744678045111e-07,0.0010009288787841796,1.784161275279017e-07,5,True,,scale,"{'C': 5, 'break_ties': True, 'class_weight': None, 'gamma': 'scale'}",0.44556639433950346,-0.09231861823449955,0.33585830663992433,0.32377847216476696,0.6348401892428032,0.3295449488304997,0.23862444954076953,5,0.9706673470702183,0.9130289222599186,0.9412360688956434,0.9159066436498053,0.8871366281982571,0.9255951220147685,0.028308925895276414
4,0.0012009620666503906,0.0004004002327264194,0.0012011528015136719,0.0002452816228792512,5,False,,scale,"{'C': 5, 'break_ties': False, 'class_weight': None, 'gamma': 'scale'}",0.44556639433950346,-0.09231861823449955,0.33585830663992433,0.32377847216476696,0.6348401892428032,0.3295449488304997,0.23862444954076953,5,0.9706673470702183,0.9130289222599186,0.9412360688956434,0.9159066436498053,0.8871366281982571,0.9255951220147685,0.028308925895276414
127,0.0012009143829345703,0.0005104541889922967,0.001000833511352539,1.784161275279017e-07,500,False,balanced,0.01,"{'C': 500, 'break_ties': False, 'class_weight': 'balanced', 'gamma': 0.01}",0.022390553775994956,-0.38969154998823285,0.4351941398892446,0.4716981132075472,0.7627118644067796,0.2604606242582667,0.4016925676658612,22,0.9119262811590247,0.7615633618856379,0.751128013923535,0.8332486934065013,0.7231753081679926,0.7962083317085383,0.06830660836674843
