,mean_fit_time,std_fit_time,mean_score_time,std_score_time,param_ccp_alpha,param_criterion,param_max_depth,param_max_features,param_n_estimators,params,split0_test_score,split1_test_score,split2_test_score,split3_test_score,split4_test_score,mean_test_score,std_test_score,rank_test_score,split0_train_score,split1_train_score,split2_train_score,split3_train_score,split4_train_score,mean_train_score,std_train_score
793,0.0011422157287597657,4.166258079300457e-06,0.0004101276397705078,1.6128096127784504e-06,0.0,gini,10,log2,2,"{'ccp_alpha': 0.0, 'criterion': 'gini', 'max_depth': 10, 'max_features': 'log2', 'n_estimators': 2}",0.3454246398538787,0.296078262731896,0.39167472590032015,0.1535737792084878,0.3852706677344361,0.31440441508580375,0.0873582535760578,1,0.7403340182746725,0.640235314828778,0.6720294712292443,0.6035647099328277,0.8211938897040783,0.6954714807939201,0.07728672297938027
967,0.008050012588500976,0.008492573457413912,0.0006026744842529297,4.9672701470594435e-05,0.0,entropy,3,sqrt,8,"{'ccp_alpha': 0.0, 'criterion': 'entropy', 'max_depth': 3, 'max_features': 'sqrt', 'n_estimators': 8}",0.09231861823449955,0.09869275424396534,0.5690901829794961,0.3142093443338309,0.23288900389583278,0.2614399807375249,0.17512116145042292,4,0.7898213230969456,0.8504999711558862,0.7292666149150252,0.8095999201099413,0.7657989667194648,0.7889973591994526,0.04077656909664084
