,mean_fit_time,std_fit_time,mean_score_time,std_score_time,param_ccp_alpha,param_criterion,param_max_depth,param_max_features,param_n_estimators,params,split0_test_score,split1_test_score,split2_test_score,split3_test_score,split4_test_score,mean_test_score,std_test_score,rank_test_score,split0_train_score,split1_train_score,split2_train_score,split3_train_score,split4_train_score,mean_train_score,std_train_score
102,0.004682207107543945,0.0021706382207452293,0.0006157398223876953,5.555646080423252e-05,0.0,gini,3,sqrt,7,"{'ccp_alpha': 0.0, 'criterion': 'gini', 'max_depth': 3, 'max_features': 'sqrt', 'n_estimators': 7}",0.25051599642100686,0.26111648393354675,0.6733027231936325,0.1535737792084878,0.09703708495659699,0.2871092135426542,0.20254344655724293,6,0.7173308133322599,0.7889541217147865,0.61429709848858,0.7157195916490926,0.6841794241292399,0.7040962098627918,0.05651846016051636
290,0.005055665969848633,0.007020122277294248,0.0006513595581054688,0.0004233145337750112,0.0,gini,5,sqrt,3,"{'ccp_alpha': 0.0, 'criterion': 'gini', 'max_depth': 5, 'max_features': 'sqrt', 'n_estimators': 3}",0.2763853991962833,-0.16414266736368963,0.3258930709700556,0.45600466178793286,0.37052413631667824,0.2529329201814521,0.21674458445479686,15,0.8812691914022518,0.7638469477986444,0.6983224273711776,0.9715244592433839,0.8233146504131966,0.8276555352457308,0.0942232702938343
