,mean_fit_time,std_fit_time,mean_score_time,std_score_time,param_ccp_alpha,param_criterion,param_max_depth,param_max_features,param_n_estimators,params,split0_test_score,split1_test_score,split2_test_score,split3_test_score,split4_test_score,mean_test_score,std_test_score,rank_test_score,split0_train_score,split1_train_score,split2_train_score,split3_train_score,split4_train_score,mean_train_score,std_train_score
3292,0.0027284145355224608,4.0964003186768926e-05,0.0005277633666992187,1.2043890981977723e-05,0.1,entropy,9,log2,5,"{'ccp_alpha': 0.1, 'criterion': 'entropy', 'max_depth': 9, 'max_features': 'log2', 'n_estimators': 5}",0.04950737714883372,0.4208127057650866,0.4485294117647059,0.34112114616897665,0.06666666666666667,0.2653274615028539,0.17293219400321155,1,0.8558907844638016,0.7078834335428102,0.8055848517968578,0.7765342106703998,0.6869048585091391,0.7665596277966018,0.06227406202525064
457,0.001291799545288086,0.00013222819065313797,0.00044651031494140624,2.618934491203488e-05,0.0,gini,6,0.3,2,"{'ccp_alpha': 0.0, 'criterion': 'gini', 'max_depth': 6, 'max_features': 0.3, 'n_estimators': 2}",0.37130532861625287,0.04950737714883372,0.1237684428720843,0.21408720964441882,0.5388602512436507,0.25950572190504806,0.17613907011129795,2,0.6683432754108718,0.7197907254707234,0.6687932334836272,0.6563333121838012,0.6413358795999143,0.6709192852297876,0.02641023321441037
