,mean_fit_time,std_fit_time,mean_score_time,std_score_time,param_ccp_alpha,param_criterion,param_max_depth,param_max_features,param_n_estimators,params,split0_test_score,split1_test_score,split2_test_score,split3_test_score,split4_test_score,mean_test_score,std_test_score,rank_test_score,split0_train_score,split1_train_score,split2_train_score,split3_train_score,split4_train_score,mean_train_score,std_train_score
649,0.0037967205047607423,0.0035373150475503886,0.0006392478942871093,0.00034295994741768407,0.0,gini,8,0.3,2,"{'ccp_alpha': 0.0, 'criterion': 'gini', 'max_depth': 8, 'max_features': 0.3, 'n_estimators': 2}",0.40004734568283135,0.26111648393354675,-0.074019565682974,0.32382421004777023,0.37052413631667824,0.2562985220595705,0.17169984602804692,5,0.6449277399500709,0.695792433886894,0.6985168653988333,0.7120721259463441,0.603639664230512,0.6709897658825309,0.04068399991291261
361,0.0012105941772460938,3.4228007612798316e-05,0.00041937828063964844,9.994261134381664e-06,0.0,gini,5,0.3,2,"{'ccp_alpha': 0.0, 'criterion': 'gini', 'max_depth': 5, 'max_features': 0.3, 'n_estimators': 2}",0.6527912098338668,0.0,0.3207514512928874,0.4766563309782377,0.37052413631667824,0.36414462568433403,0.2147094355280149,1,0.6632728781971214,0.7656774367685238,0.7037685545519605,0.7668577960385534,0.7600802539633055,0.7319313839038929,0.04161284560603169
