,mean_fit_time,std_fit_time,mean_score_time,std_score_time,param_ccp_alpha,param_criterion,param_max_depth,param_max_features,param_n_estimators,params,split0_test_score,split1_test_score,split2_test_score,split3_test_score,split4_test_score,mean_test_score,std_test_score,rank_test_score,split0_train_score,split1_train_score,split2_train_score,split3_train_score,split4_train_score,mean_train_score,std_train_score
675,0.0020619869232177735,3.068572155198635e-05,0.00048465728759765624,7.089335456865616e-06,0.0,gini,9,sqrt,4,"{'ccp_alpha': 0.0, 'criterion': 'gini', 'max_depth': 9, 'max_features': 'sqrt', 'n_estimators': 4}",-0.10022296571715915,0.2333141313143457,0.49813548138671787,0.3605894301939455,0.39053938137319943,0.2764710917102099,0.20638968353978693,2,0.904228830671064,0.650578753494622,0.7964287170228741,0.841304568233097,0.8390253892922984,0.8063132517427911,0.08512681685682802
3184,0.010477972030639649,0.004180190502144928,0.0008695125579833984,2.8589559081653054e-05,0.1,entropy,8,sqrt,17,"{'ccp_alpha': 0.1, 'criterion': 'entropy', 'max_depth': 8, 'max_features': 'sqrt', 'n_estimators': 17}",0.4107142857142857,0.31133467586669866,0.33942211665106536,0.3764037045814055,-0.15534712747612348,0.2565055310674663,0.2086431976630831,6,0.9020578987826354,0.9670691615059425,0.8359235311216594,0.8426765713727793,0.9359473601695463,0.8967349045905125,0.05125072715386697
