,mean_fit_time,std_fit_time,mean_score_time,std_score_time,param_ccp_alpha,param_criterion,param_max_depth,param_max_features,param_n_estimators,params,split0_test_score,split1_test_score,split2_test_score,split3_test_score,split4_test_score,mean_test_score,std_test_score,rank_test_score,split0_train_score,split1_train_score,split2_train_score,split3_train_score,split4_train_score,mean_train_score,std_train_score
223,0.006480216979980469,0.002963218920603375,0.0007717609405517578,0.00020252408628434115,0.0,gini,4,log2,8,"{'ccp_alpha': 0.0, 'criterion': 'gini', 'max_depth': 4, 'max_features': 'log2', 'n_estimators': 8}",0.2970442628930023,0.3107907802540305,0.014705882352941176,0.4865618401009518,0.2608745973749754,0.27399547259518026,0.15130951785597202,2,0.8845771144278607,0.8876870242560828,0.9433358738810442,0.865240306333037,0.8860936874210728,0.8933868012638195,0.026269459765355704
1323,0.003400373458862305,0.0013791287078221174,0.0007328033447265625,0.0004398574434418368,0.0,entropy,6,0.3,4,"{'ccp_alpha': 0.0, 'criterion': 'entropy', 'max_depth': 6, 'max_features': 0.3, 'n_estimators': 4}",0.09166984970282113,0.21437323142813605,0.141509827535445,0.47193990372426947,0.4241838902989076,0.26873534053791587,0.15228270041789435,4,0.8845455806252125,0.8560271281069476,0.7798164078248601,0.9160206121308156,0.8376092105331452,0.8548037878441962,0.045939810678835555
