,mean_fit_time,std_fit_time,mean_score_time,std_score_time,param_ccp_alpha,param_criterion,param_max_depth,param_max_features,param_n_estimators,params,split0_test_score,split1_test_score,split2_test_score,split3_test_score,split4_test_score,mean_test_score,std_test_score,rank_test_score,split0_train_score,split1_train_score,split2_train_score,split3_train_score,split4_train_score,mean_train_score,std_train_score
1088,0.004206705093383789,2.27588736014483e-05,0.0006093978881835938,3.558751708420809e-06,0.0,entropy,4,log2,9,"{'ccp_alpha': 0.0, 'criterion': 'entropy', 'max_depth': 4, 'max_features': 'log2', 'n_estimators': 9}",0.16826404519685495,0.11980845957463075,0.4020151261036848,0.33962264150943394,0.5146168559953864,0.3088654256759981,0.14660682707033856,1,0.9419943722384388,0.8818229255536046,0.8864005383168224,0.9439197888747337,0.7683588139341002,0.8844992877835398,0.0637743961488512
99,0.004432201385498047,0.0017016426487920647,0.0023164749145507812,0.0012329983189163065,0.0,gini,3,sqrt,4,"{'ccp_alpha': 0.0, 'criterion': 'gini', 'max_depth': 3, 'max_features': 'sqrt', 'n_estimators': 4}",0.39167472590032015,0.11134044285378082,0.5454545454545454,0.18641790821607795,0.1458407513661945,0.27614567475818375,0.16617186230252273,3,0.7069952938391654,0.6328871778483037,0.6661910773776645,0.8354139370070226,0.7050195962240473,0.7093014164592407,0.06873959153675228
