,mean_fit_time,std_fit_time,mean_score_time,std_score_time,param_C,param_break_ties,param_class_weight,param_gamma,params,split0_test_score,split1_test_score,split2_test_score,split3_test_score,split4_test_score,mean_test_score,std_test_score,rank_test_score,split0_train_score,split1_train_score,split2_train_score,split3_train_score,split4_train_score,mean_train_score,std_train_score
218,0.001101207733154297,0.00020041474268147025,0.0011003971099853515,0.00020010513244034174,46,False,,0.001,"{'C': 46, 'break_ties': False, 'class_weight': None, 'gamma': 0.001}",-0.1232082207267395,0.296078262731896,0.15075567228888181,0.46084037168961867,0.5045928417743044,0.2578117855515923,0.22813288949498378,1,0.9419943722384388,0.7921166676836285,0.8541746067810597,0.8578634847480567,0.7956294621244105,0.8483557187151188,0.05447080594577831
230,0.0011011123657226562,0.00020022395111941386,0.0009007453918457031,0.00037467395883721905,46,True,,0.001,"{'C': 46, 'break_ties': True, 'class_weight': None, 'gamma': 0.001}",-0.1232082207267395,0.296078262731896,0.15075567228888181,0.46084037168961867,0.5045928417743044,0.2578117855515923,0.22813288949498378,1,0.9419943722384388,0.7921166676836285,0.8541746067810597,0.8568712410271581,0.7956294621244105,0.8481572699709391,0.054437602992238016
