,mean_fit_time,std_fit_time,mean_score_time,std_score_time,param_C,param_break_ties,param_class_weight,param_gamma,params,split0_test_score,split1_test_score,split2_test_score,split3_test_score,split4_test_score,mean_test_score,std_test_score,rank_test_score,split0_train_score,split1_train_score,split2_train_score,split3_train_score,split4_train_score,mean_train_score,std_train_score
19,0.0008008480072021484,0.0002454769546492014,0.0009008407592773438,0.00037450842010990933,5,True,balanced,0.01,"{'C': 5, 'break_ties': True, 'class_weight': 'balanced', 'gamma': 0.01}",0.07034685744158127,0.33942211665106536,0.6480207369953811,0.18340630783632506,0.638053287227101,0.37584986123029074,0.23431654203711297,21,0.902874325717846,0.8418144861385326,0.8368291661888548,0.8431744330505022,0.8746129942433835,0.8598610810678238,0.025307513000094997
7,0.0011008739471435546,0.0002002241782386423,0.0012010097503662109,0.000245106711611402,5,False,balanced,0.01,"{'C': 5, 'break_ties': False, 'class_weight': 'balanced', 'gamma': 0.01}",0.07034685744158127,0.33942211665106536,0.6480207369953811,0.18340630783632506,0.638053287227101,0.37584986123029074,0.23431654203711297,21,0.902874325717846,0.8418144861385326,0.8368291661888548,0.8431744330505022,0.8746129942433835,0.8598610810678238,0.025307513000094997
