,Name,Stage,Train MCC,Train Stdev,Test MCC,Test Stdev,Params
0,KNN Classifier,Baseline,0.2915802710772774,0.08597957536242855,0.16693318562986426,0.13402633258446292,"{'leaf_size': 5, 'n_neighbors': 5, 'p': 2, 'weights': 'uniform'}"
1,KNN Classifier,SFS,0.5337913034056091,0.0458963382270657,0.5382109802356324,0.2826355159779113,"{'leaf_size': 5, 'n_neighbors': 5, 'p': 2, 'weights': 'uniform'}"
2,KNN Classifier,PCA 75% variance,0.9809864114857758,0.015530809620540549,0.35373804603804415,0.20011435919466106,"{'leaf_size': 5, 'n_neighbors': 5, 'p': 1, 'weights': 'distance'}"
3,KNN Classifier,PCA 80% variance,0.9809864114857758,0.015530809620540549,0.367378690706062,0.1940073831923148,"{'leaf_size': 5, 'n_neighbors': 7, 'p': 2, 'weights': 'distance'}"
4,KNN Classifier,PCA 85% variance,0.9809864114857758,0.015530809620540549,0.3675201724037373,0.17890704006082384,"{'leaf_size': 5, 'n_neighbors': 7, 'p': 2, 'weights': 'distance'}"
5,KNN Classifier,PCA 90% variance,0.5145046690378204,0.09285773162500942,0.3947083067881559,0.2693410119473288,"{'leaf_size': 5, 'n_neighbors': 5, 'p': 2, 'weights': 'uniform'}"
6,KNN Classifier,PCA 95% variance,0.5375000926872968,0.04874917555527328,0.4004175776369241,0.18256055228944953,"{'leaf_size': 5, 'n_neighbors': 5, 'p': 2, 'weights': 'uniform'}"
7,KNN Classifier,PCA 100% variance,0.5337913034056091,0.0458963382270657,0.5382109802356324,0.2826355159779113,"{'leaf_size': 5, 'n_neighbors': 5, 'p': 2, 'weights': 'uniform'}"
