,Classification Model,Regression Model,Training RMSE,Validation RMSE,Log Training RMSE,Log Validation RMSE,Trimmed Training RMSE,Trimmed Validation RMSE,Trimmed Log Training RMSE,Trimmed Log Validation RMSE,Training MCC,Validation MCC
0,SVC with Linear Kernel,SVR with RBF Kernel,3130152.6216266537,1684885.6742922254,1.4448188797068298,1.933997491404289,479.2642242908958,127286.87308323613,0.8528208233351731,1.7686888514451073,0.9742754158066669,0.7647417706180699
1,SVC with Linear Kernel,SVR with Linear Kernel,3130152.6228616824,1685265.7177520983,1.4631905015514297,1.9093379894808404,486.11991261357963,127667.0857146236,0.8881895092434323,1.749484453770035,0.9742754158066669,0.7647417706180699
2,SVC with Linear Kernel,Lasso Regression,3130152.623268542,1685320.1548827537,1.5390271331724956,1.896456812171228,488.2397162480485,127721.4471997174,1.0245451295055008,1.723374865176654,0.9742754158066669,0.7647417706180699
3,XGBoost Classifier,SVR with RBF Kernel,3131436.938976336,1711199.0590781707,1.7529589236997765,1.8861716588528032,128314.56554992015,124403.46644768375,1.5138561670792514,1.7423452977235698,0.6695359586349273,0.47074641242940557
4,XGBoost Classifier,SVR with Linear Kernel,3131437.0571384444,1711216.0529216484,1.8585593415338824,1.9689904902381852,128327.8422044847,124436.39095004406,1.6574139426577816,1.8446252662958629,0.6695359586349273,0.47074641242940557
5,XGBoost Classifier,Lasso Regression,3131437.2766279886,1711213.8509030915,1.8865915398544206,1.9632126821562992,128328.54958246947,124432.93226731406,1.6872073968876364,1.8441495119421756,0.6695359586349273,0.47074641242940557
6,Random Forest Classifier,SVR with RBF Kernel,3131432.0481612263,1711730.2687646896,1.4922213204937744,2.10155630615461,50828.94151825957,1765278.6906650257,0.9844119356694312,2.1065968533459984,0.9093239881049022,0.26020954073884467
7,Random Forest Classifier,SVR with Linear Kernel,3131432.166092611,1711746.5159879993,1.4579024448522264,2.2375567792817352,49573.19090785793,204115.59243971366,0.9106954078484073,2.1805935987816243,0.9045948415089704,0.4081674448252957
8,Random Forest Classifier,Lasso Regression,3131430.859930779,1711747.2716613957,1.4786999780435426,1.9324763263224511,51670.44460141412,1609079.0062349956,0.974925562639281,1.8664423685854772,0.8989892463068498,0.40562828766075
