,mean_fit_time,std_fit_time,mean_score_time,std_score_time,param_alpha,param_gamma,param_lambda,param_max_depth,param_n_estimators,param_subsample,params,split0_test_score,split1_test_score,split2_test_score,split3_test_score,split4_test_score,mean_test_score,std_test_score,rank_test_score,split0_train_score,split1_train_score,split2_train_score,split3_train_score,split4_train_score,mean_train_score,std_train_score
26436,0.025021457672119142,0.0005483358335117471,0.0025020122528076174,2.7804145311571603e-07,1.0,0,5,3,19,0.5,"{'alpha': 1.0, 'gamma': 0, 'lambda': 5, 'max_depth': 3, 'n_estimators': 19, 'subsample': 0.5}",-0.19802950859533489,0.5539117094069973,0.30483638224685217,0.20754716981132076,0.42519520276218714,0.2586921911264045,0.2562099246453214,226,0.9406345957011258,0.7321599140592249,0.7923249792771255,0.8010133516985021,0.5814437733071601,0.7695153228086278,0.11624159849394143
26004,0.028624248504638673,0.0038685122744630627,0.002502298355102539,2.4314019744838644e-07,1.0,0,1,3,19,0.5,"{'alpha': 1.0, 'gamma': 0, 'lambda': 1, 'max_depth': 3, 'n_estimators': 19, 'subsample': 0.5}",-0.19802950859533489,0.5539117094069973,0.30483638224685217,0.20754716981132076,0.42519520276218714,0.2586921911264045,0.2562099246453214,226,0.9406345957011258,0.7321599140592249,0.7923249792771255,0.8010133516985021,0.5814437733071601,0.7695153228086278,0.11624159849394143
26868,0.02432074546813965,0.0009806690264123495,0.0025022029876708984,0.00031650642436473024,1.0,0,9,3,19,0.5,"{'alpha': 1.0, 'gamma': 0, 'lambda': 9, 'max_depth': 3, 'n_estimators': 19, 'subsample': 0.5}",-0.19802950859533489,0.5539117094069973,0.30483638224685217,0.20754716981132076,0.42519520276218714,0.2586921911264045,0.2562099246453214,226,0.9406345957011258,0.7321599140592249,0.7923249792771255,0.8010133516985021,0.5814437733071601,0.7695153228086278,0.11624159849394143
