,Name,Stage,Features Selected,Train MCC,Train Stdev,Test MCC,Test Stdev,Params
0,SVC with Linear Kernel,Baseline,572,0.9742906657902995,0.012861985424450151,0.2662474191535462,0.10318770379808871,"{'C': 1, 'break_ties': False, 'class_weight': None, 'gamma': 0.1}"
1,SVC with Linear Kernel,rfe,24,0.9356723237732689,0.019736520552272728,0.7155600130181637,0.11274908227896732,"{'C': 11, 'break_ties': True, 'class_weight': 'balanced', 'gamma': 0.1}"
2,SVC with Linear Kernel,PCA 75% variance,7,0.8567113140681496,0.027917765747303747,0.627024869315496,0.16948765941598656,"{'C': 66, 'break_ties': False, 'class_weight': None, 'gamma': 0.1}"
3,SVC with Linear Kernel,PCA 80% variance,8,0.8285190419346942,0.024550309900890785,0.5693416079226555,0.10484753019163107,"{'C': 21, 'break_ties': True, 'class_weight': None, 'gamma': 0.1}"
4,SVC with Linear Kernel,PCA 85% variance,10,0.8851144506041226,0.03130186821406628,0.7703349888284313,0.12234535933882752,"{'C': 21, 'break_ties': False, 'class_weight': None, 'gamma': 0.1}"
5,SVC with Linear Kernel,PCA 90% variance,12,0.9050650949631596,0.03372509632676693,0.74742514066929,0.07966319187493391,"{'C': 56, 'break_ties': False, 'class_weight': 'balanced', 'gamma': 0.1}"
6,SVC with Linear Kernel,PCA 95% variance,15,0.8787063418589712,0.035689302075682834,0.7806781606526088,0.10777275628871011,"{'C': 6, 'break_ties': False, 'class_weight': None, 'gamma': 0.1}"
7,SVC with Linear Kernel,PCA 100% variance,22,0.9356723237732689,0.019736520552272728,0.7155600130181637,0.11274908227896732,"{'C': 11, 'break_ties': True, 'class_weight': 'balanced', 'gamma': 0.1}"
