,Name,Stage,Features Selected,Train MCC,Train Stdev,Test MCC,Test Stdev,Params
0,SVC with Linear Kernel,Baseline,572,0.974758861459714,0.012630099662445847,0.26903406478430164,0.09451656071152248,"{'C': 1, 'break_ties': False, 'class_weight': None, 'gamma': 0.1}"
1,SVC with Linear Kernel,rfe,28,0.9058347631177291,0.0267336719764872,0.7532155080126671,0.15411177183189262,"{'C': 1, 'break_ties': False, 'class_weight': None, 'gamma': 0.1}"
2,SVC with Linear Kernel,PCA 75% variance,7,0.7183583336001605,0.06602548932418083,0.5567073663057555,0.21569397037088842,"{'C': 1, 'break_ties': False, 'class_weight': None, 'gamma': 0.1}"
3,SVC with Linear Kernel,PCA 80% variance,9,0.9369926103841824,0.027947554601315726,0.695132328762462,0.1833693887325076,"{'C': 91, 'break_ties': True, 'class_weight': None, 'gamma': 0.1}"
4,SVC with Linear Kernel,PCA 85% variance,11,0.8758713501159093,0.03180252077549018,0.7512834695165364,0.10825923628647922,"{'C': 1, 'break_ties': False, 'class_weight': 'balanced', 'gamma': 0.1}"
5,SVC with Linear Kernel,PCA 90% variance,14,0.9313810528548405,0.022145708579919855,0.7776196616228959,0.19917523299110154,"{'C': 6, 'break_ties': False, 'class_weight': 'balanced', 'gamma': 0.1}"
6,SVC with Linear Kernel,PCA 95% variance,18,0.9497825342602922,0.0148210728271063,0.7436295036423823,0.16121158055204474,"{'C': 6, 'break_ties': True, 'class_weight': 'balanced', 'gamma': 0.1}"
7,SVC with Linear Kernel,PCA 100% variance,28,0.9058347631177291,0.0267336719764872,0.7532155080126671,0.15411177183189262,"{'C': 1, 'break_ties': False, 'class_weight': None, 'gamma': 0.1}"
