,Name,Stage,Features Selected,Train MCC,Train Stdev,Test MCC,Test Stdev,Params
0,SVC with Linear Kernel,Baseline,572,1.0,0.0,0.304025222531969,0.278502980220435,"{'C': 1, 'break_ties': False, 'class_weight': None, 'gamma': 0.1}"
1,SVC with Linear Kernel,rfe,25,0.9742754158066669,0.01288480580802778,0.775012752219788,0.14436283766356764,"{'C': 21, 'break_ties': True, 'class_weight': 'balanced', 'gamma': 0.1}"
2,SVC with Linear Kernel,PCA 75% variance,8,0.9220137430261899,0.045231368952877965,0.7616559435714554,0.1270383158051296,"{'C': 11, 'break_ties': True, 'class_weight': None, 'gamma': 0.1}"
3,SVC with Linear Kernel,PCA 80% variance,9,0.9485872038995675,0.02576027805255361,0.7756448521614339,0.1448334669489596,"{'C': 6, 'break_ties': False, 'class_weight': None, 'gamma': 0.1}"
4,SVC with Linear Kernel,PCA 85% variance,11,0.9677647246610739,0.02072221053896127,0.8066478800429625,0.12118363068482249,"{'C': 41, 'break_ties': True, 'class_weight': 'balanced', 'gamma': 0.1}"
5,SVC with Linear Kernel,PCA 90% variance,13,0.9742754158066669,0.01288480580802778,0.8166704781670813,0.10680497745698204,"{'C': 36, 'break_ties': True, 'class_weight': None, 'gamma': 0.1}"
6,SVC with Linear Kernel,PCA 95% variance,17,0.9742754158066669,0.01288480580802778,0.7795016492927319,0.08348439096693025,"{'C': 6, 'break_ties': False, 'class_weight': None, 'gamma': 0.1}"
7,SVC with Linear Kernel,PCA 100% variance,25,0.9742754158066669,0.01288480580802778,0.775012752219788,0.14436283766356764,"{'C': 21, 'break_ties': True, 'class_weight': 'balanced', 'gamma': 0.1}"
