,Name,Stage,Features Selected,Train MCC,Train Stdev,Test MCC,Test Stdev,Params
0,SVC with Linear Kernel,Baseline,572,0.9745679228983022,0.012724662222969092,0.10274518235657668,0.28624782804139437,"{'C': 1, 'break_ties': False, 'class_weight': None, 'gamma': 0.1}"
1,SVC with Linear Kernel,rfe,41,0.949588086797292,0.01537586788082908,0.8023254747549939,0.14674252096163895,"{'C': 1, 'break_ties': True, 'class_weight': None, 'gamma': 0.1}"
2,SVC with Linear Kernel,PCA 75% variance,41,0.8559875532358511,0.023337655152626976,0.7225376219227683,0.1450662529619432,"{'C': 1, 'break_ties': False, 'class_weight': None, 'gamma': 0.1}"
3,SVC with Linear Kernel,PCA 80% variance,41,0.8621790010060352,0.030351581137581515,0.7197571585568133,0.14951279056190273,"{'C': 1, 'break_ties': False, 'class_weight': None, 'gamma': 0.1}"
4,SVC with Linear Kernel,PCA 85% variance,41,0.8750344477789298,0.032092126575522864,0.7772542497921365,0.14393021401492168,"{'C': 1, 'break_ties': False, 'class_weight': None, 'gamma': 0.1}"
5,SVC with Linear Kernel,PCA 90% variance,41,0.8873717687901683,0.02410967517500181,0.7534514403740106,0.1349511151415681,"{'C': 1, 'break_ties': False, 'class_weight': None, 'gamma': 0.1}"
6,SVC with Linear Kernel,PCA 95% variance,41,0.949588086797292,0.01537586788082908,0.7534514403740106,0.1349511151415681,"{'C': 1, 'break_ties': False, 'class_weight': 'balanced', 'gamma': 0.1}"
7,SVC with Linear Kernel,PCA 100% variance,41,0.949588086797292,0.01537586788082908,0.8023254747549939,0.14674252096163895,"{'C': 1, 'break_ties': True, 'class_weight': None, 'gamma': 0.1}"
