,mean_fit_time,std_fit_time,mean_score_time,std_score_time,param_C,param_break_ties,param_class_weight,param_gamma,params,split0_test_score,split1_test_score,split2_test_score,split3_test_score,split4_test_score,mean_test_score,std_test_score,rank_test_score,split0_train_score,split1_train_score,split2_train_score,split3_train_score,split4_train_score,mean_train_score,std_train_score
230,0.0008005142211914062,0.0002451064796983492,0.000900888442993164,0.0002002241782386423,46,True,,0.001,"{'C': 46, 'break_ties': True, 'class_weight': None, 'gamma': 0.001}",0.18190171877724975,0.07242068243779014,0.4345240946267408,0.1303116728289208,0.5439115309192039,0.2726139399179811,0.1835065468610766,3,0.8295684196486646,0.8517850977197995,0.7310695970347864,0.7630090032492093,0.8564256797975345,0.806371559489999,0.05031221634727172
218,0.0009006500244140625,0.00020022406467906027,0.0009006500244140625,0.00020034315329881506,46,False,,0.001,"{'C': 46, 'break_ties': False, 'class_weight': None, 'gamma': 0.001}",0.18190171877724975,0.07242068243779014,0.4345240946267408,0.1303116728289208,0.5439115309192039,0.2726139399179811,0.1835065468610766,3,0.8295684196486646,0.8517850977197995,0.7310695970347864,0.7630090032492093,0.8564256797975345,0.806371559489999,0.05031221634727172
182,0.0007005214691162109,0.000245048067727345,0.0009007453918457031,0.00020015241845581234,36,True,,0.001,"{'C': 36, 'break_ties': True, 'class_weight': None, 'gamma': 0.001}",0.023782574707724703,0.07242068243779014,0.296078262731896,0.4766563309782377,0.5439115309192039,0.2825698763549705,0.20846344522674098,1,0.7703752475066946,0.7434796519500386,0.6180810370215877,0.7148555215767208,0.7030520430599212,0.7099687002229926,0.05154997314889714
170,0.0006004810333251953,0.00020008092840246626,0.0007006645202636719,0.00024541791746971955,36,False,,0.001,"{'C': 36, 'break_ties': False, 'class_weight': None, 'gamma': 0.001}",0.023782574707724703,0.07242068243779014,0.296078262731896,0.4766563309782377,0.5439115309192039,0.2825698763549705,0.20846344522674098,1,0.7703752475066946,0.7434796519500386,0.6180810370215877,0.7148555215767208,0.7030520430599212,0.7099687002229926,0.05154997314889714
