,mean_fit_time,std_fit_time,mean_score_time,std_score_time,param_C,param_break_ties,param_class_weight,param_gamma,params,split0_test_score,split1_test_score,split2_test_score,split3_test_score,split4_test_score,mean_test_score,std_test_score,rank_test_score,split0_train_score,split1_train_score,split2_train_score,split3_train_score,split4_train_score,mean_train_score,std_train_score
4,0.00032815933227539065,1.4229894602656928e-05,0.0003348350524902344,4.57763671875e-06,1,False,,scale,"{'C': 1, 'break_ties': False, 'class_weight': None, 'gamma': 'scale'}",0.33942211665106536,0.49813548138671787,0.6350006350009525,0.46456538905166156,0.575649675601062,0.5025546595382918,0.10095519614756521,43,0.9007223872682951,0.8359235311216594,0.7332395322404621,0.8770362737837162,0.7356287799865212,0.8165101008801308,0.07015380777960444
16,0.00036787986755371094,3.210251055519567e-05,0.0004168033599853516,2.9495143914895004e-05,1,True,,scale,"{'C': 1, 'break_ties': True, 'class_weight': None, 'gamma': 'scale'}",0.33942211665106536,0.49813548138671787,0.6350006350009525,0.46456538905166156,0.575649675601062,0.5025546595382918,0.10095519614756521,43,0.9007223872682951,0.8359235311216594,0.7332395322404621,0.8770362737837162,0.7356287799865212,0.8165101008801308,0.07015380777960444
