,mean_fit_time,std_fit_time,mean_score_time,std_score_time,param_C,param_break_ties,param_class_weight,param_gamma,params,split0_test_score,split1_test_score,split2_test_score,split3_test_score,split4_test_score,mean_test_score,std_test_score,rank_test_score,split0_train_score,split1_train_score,split2_train_score,split3_train_score,split4_train_score,mean_train_score,std_train_score
235,0.0004911422729492188,0.00027345461517758803,0.0005915641784667968,0.00044130065371634017,46,True,balanced,0.01,"{'C': 46, 'break_ties': True, 'class_weight': 'balanced', 'gamma': 0.01}",0.026650089544451305,0.021912408566100935,0.7895420339517227,0.0,0.5014858873767987,0.2679180838878147,0.3216067788980894,41,0.8491875965649367,0.8797927461139896,0.7606454618307967,0.9138209479772345,0.8526496817640495,0.8512192868502014,0.05088261416993781
