,mean_fit_time,std_fit_time,mean_score_time,std_score_time,param_C,param_break_ties,param_class_weight,param_gamma,params,split0_test_score,split1_test_score,split2_test_score,split3_test_score,split4_test_score,mean_test_score,std_test_score,rank_test_score,split0_train_score,split1_train_score,split2_train_score,split3_train_score,split4_train_score,mean_train_score,std_train_score
85,0.0003012180328369141,1.937367720580349e-05,0.0003799915313720703,1.4561423257972814e-05,16,True,,0.01,"{'C': 16, 'break_ties': True, 'class_weight': None, 'gamma': 0.01}",-0.10660035817780522,0.296078262731896,0.5582905262390825,-0.052368224055638485,0.6407454249058282,0.26722912632867263,0.3055992101923201,1,0.7978797389263312,0.797418503055037,0.7665494696295125,0.913870679762047,0.7518311716525442,0.8055099126050944,0.05703519907008774
