,mean_fit_time,std_fit_time,mean_score_time,std_score_time,param_C,param_break_ties,param_class_weight,param_gamma,params,split0_test_score,split1_test_score,split2_test_score,split3_test_score,split4_test_score,mean_test_score,std_test_score,rank_test_score,split0_train_score,split1_train_score,split2_train_score,split3_train_score,split4_train_score,mean_train_score,std_train_score
0,0.0004562854766845703,7.160411337337147e-05,0.0004288673400878906,4.753480548010774e-05,1,False,,0.1,"{'C': 1, 'break_ties': False, 'class_weight': None, 'gamma': 0.1}",0.26111648393354675,0.4020151261036848,0.5288671035554589,-0.25930372530182266,0.3386481059780782,0.25426861885378915,0.27135095429719625,2,0.9126241878970736,0.9126241878970736,0.7389350560160703,0.8844190451643162,0.8270167806012152,0.8551238515151498,0.06597064403793369
4,0.00042600631713867186,6.540554744697592e-05,0.00039577484130859375,3.7225990110725954e-05,1,False,,scale,"{'C': 1, 'break_ties': False, 'class_weight': None, 'gamma': 'scale'}",0.26111648393354675,0.4020151261036848,0.5288671035554589,-0.25930372530182266,0.3386481059780782,0.25426861885378915,0.27135095429719625,2,0.9126241878970736,0.9126241878970736,0.766584886305134,0.8844190451643162,0.8270167806012152,0.8606538175729626,0.05647484203046427
12,0.00037403106689453124,2.6687293953075376e-05,0.0005539417266845703,0.00023558634802114812,1,True,,0.1,"{'C': 1, 'break_ties': True, 'class_weight': None, 'gamma': 0.1}",0.26111648393354675,0.4020151261036848,0.5288671035554589,-0.25930372530182266,0.3386481059780782,0.25426861885378915,0.27135095429719625,2,0.9126241878970736,0.9126241878970736,0.7389350560160703,0.8844190451643162,0.8270167806012152,0.8551238515151498,0.06597064403793369
16,0.00043888092041015624,0.00012263788211541897,0.00044713020324707033,3.389792395767688e-05,1,True,,scale,"{'C': 1, 'break_ties': True, 'class_weight': None, 'gamma': 'scale'}",0.26111648393354675,0.4020151261036848,0.5288671035554589,-0.25930372530182266,0.3386481059780782,0.25426861885378915,0.27135095429719625,2,0.9126241878970736,0.9126241878970736,0.766584886305134,0.8844190451643162,0.8270167806012152,0.8606538175729626,0.05647484203046427
