,mean_fit_time,std_fit_time,mean_score_time,std_score_time,param_C,param_break_ties,param_class_weight,param_gamma,params,split0_test_score,split1_test_score,split2_test_score,split3_test_score,split4_test_score,mean_test_score,std_test_score,rank_test_score,split0_train_score,split1_train_score,split2_train_score,split3_train_score,split4_train_score,mean_train_score,std_train_score
92,0.00048818588256835935,5.9819520825655435e-05,0.0004409313201904297,2.856990833948616e-05,16,True,balanced,0.001,"{'C': 16, 'break_ties': True, 'class_weight': 'balanced', 'gamma': 0.001}",0.14484136487558028,0.15990053726670783,0.6908492797077574,-0.011609086505314302,0.32071349029490925,0.2609391171279281,0.23931808522510284,1,0.7487461695373223,0.759905408610598,0.5542720932837505,0.584715836011711,0.6535503340283332,0.660237968294343,0.08335992314033616
