,mean_fit_time,std_fit_time,mean_score_time,std_score_time,param_C,param_break_ties,param_class_weight,param_gamma,params,split0_test_score,split1_test_score,split2_test_score,split3_test_score,split4_test_score,mean_test_score,std_test_score,rank_test_score,split0_train_score,split1_train_score,split2_train_score,split3_train_score,split4_train_score,mean_train_score,std_train_score
64,0.0005168914794921875,0.00020771012380645893,0.00045452117919921877,5.663083190669798e-05,11,True,,scale,"{'C': 11, 'break_ties': True, 'class_weight': None, 'gamma': 'scale'}",0.38969154998823285,0.09090909090909091,0.5428101483418094,-0.21585231477651132,0.5225437283634242,0.26602044056520924,0.29002641946512114,13,0.9126241878970736,0.9398963730569948,0.9126241878970736,0.9712820460223335,0.942518489368727,0.9357890568484404,0.02188666213038541
52,0.0003376007080078125,6.226332119560526e-06,0.00032172203063964846,3.840241735782792e-06,11,False,,scale,"{'C': 11, 'break_ties': False, 'class_weight': None, 'gamma': 'scale'}",0.38969154998823285,0.09090909090909091,0.5428101483418094,-0.21585231477651132,0.5225437283634242,0.26602044056520924,0.29002641946512114,13,0.9126241878970736,0.9398963730569948,0.9126241878970736,0.9712820460223335,0.942518489368727,0.9357890568484404,0.02188666213038541
91,0.00034060478210449217,7.38343500169598e-06,0.00037059783935546877,3.423943151667832e-06,16,True,balanced,0.01,"{'C': 16, 'break_ties': True, 'class_weight': 'balanced', 'gamma': 0.01}",-0.04689790496105418,0.1875916198442167,0.6908492797077574,-0.18574538408502883,0.6240896334821995,0.25397744879761813,0.35103539777018156,29,0.7037378340890443,0.727654346669245,0.5824790152221692,0.7984482023577999,0.7192720101988274,0.7063182817074172,0.06993392833588825
79,0.0003361225128173828,7.3985092164708215e-06,0.00031743049621582033,1.319728136358075e-06,16,False,balanced,0.01,"{'C': 16, 'break_ties': False, 'class_weight': 'balanced', 'gamma': 0.01}",-0.04689790496105418,0.1875916198442167,0.6908492797077574,-0.18574538408502883,0.6240896334821995,0.25397744879761813,0.35103539777018156,29,0.7037378340890443,0.727654346669245,0.5824790152221692,0.7677165354330708,0.7192720101988274,0.7001719483224713,0.06252472770602875
