,mean_fit_time,std_fit_time,mean_score_time,std_score_time,param_C,param_break_ties,param_class_weight,param_gamma,params,split0_test_score,split1_test_score,split2_test_score,split3_test_score,split4_test_score,mean_test_score,std_test_score,rank_test_score,split0_train_score,split1_train_score,split2_train_score,split3_train_score,split4_train_score,mean_train_score,std_train_score
260,0.00036673545837402345,5.91431874607607e-06,0.00037932395935058594,3.1880406666654165e-06,51,True,balanced,0.001,"{'C': 51, 'break_ties': True, 'class_weight': 'balanced', 'gamma': 0.001}",0.030802055181684874,0.26932108927745296,0.36991501890585793,0.1877696334380122,0.5178627406773132,0.2751341074960642,0.16447802578467133,1,0.8084181083011839,0.698993152585683,0.7157708115757034,0.7129346554291346,0.7115661544314249,0.729536576464626,0.03985787987394168
248,0.0003650665283203125,7.407723188096975e-06,0.0005545139312744141,0.00044587702287882716,51,False,balanced,0.001,"{'C': 51, 'break_ties': False, 'class_weight': 'balanced', 'gamma': 0.001}",0.030802055181684874,0.26932108927745296,0.36991501890585793,0.1877696334380122,0.5178627406773132,0.2751341074960642,0.16447802578467133,1,0.8084181083011839,0.698993152585683,0.7157708115757034,0.7129346554291346,0.7115661544314249,0.729536576464626,0.03985787987394168
230,0.00030598640441894533,2.8634061424260004e-06,0.00038018226623535154,4.8968181314240426e-06,46,True,,0.001,"{'C': 46, 'break_ties': True, 'class_weight': None, 'gamma': 0.001}",-0.1232082207267395,0.296078262731896,0.15075567228888181,0.46084037168961867,0.5045928417743044,0.2578117855515923,0.22813288949498378,3,0.7333562640373925,0.6384355374863365,0.73218110554633,0.7425040645768081,0.6402915362181213,0.6973537015729978,0.04748711114656306
218,0.00030040740966796875,4.167895008737976e-06,0.0003211498260498047,3.757646237343892e-06,46,False,,0.001,"{'C': 46, 'break_ties': False, 'class_weight': None, 'gamma': 0.001}",-0.1232082207267395,0.296078262731896,0.15075567228888181,0.46084037168961867,0.5045928417743044,0.2578117855515923,0.22813288949498378,3,0.7333562640373925,0.6384355374863365,0.73218110554633,0.7425040645768081,0.6402915362181213,0.6973537015729978,0.04748711114656306
