,mean_fit_time,std_fit_time,mean_score_time,std_score_time,param_C,param_break_ties,param_class_weight,param_gamma,params,split0_test_score,split1_test_score,split2_test_score,split3_test_score,split4_test_score,mean_test_score,std_test_score,rank_test_score,split0_train_score,split1_train_score,split2_train_score,split3_train_score,split4_train_score,mean_train_score,std_train_score
83,0.0006004810333251953,0.0002003193185375387,0.0008007049560546875,0.0002451648684780419,16,False,balanced,auto,"{'C': 16, 'break_ties': False, 'class_weight': 'balanced', 'gamma': 'auto'}",-0.0077005137954212185,0.6350006350009525,0.7580645161290323,0.18340630783632506,0.4625936336302336,0.4062729157602244,0.28294495867785796,65,0.9375840142535408,0.8816867289651686,0.8557989706540835,0.8640687629101375,0.8593991205763708,0.8797075194718602,0.0302728472314695
