,Name,Stage,Features Selected,Train MCC,Train Stdev,Test MCC,Test Stdev,Params
0,XGBoost Classifier,Baseline,572,0.9497529421577566,0.020935771630250368,0.2169291575080373,0.20359549764917073,"{'alpha': 0.4, 'gamma': 1, 'lambda': 1, 'max_depth': 3, 'n_estimators': 5, 'subsample': 1}"
1,XGBoost Classifier,rfe,24,0.8277121862198404,0.07426674031971453,0.34799495212228493,0.2605795020096302,"{'alpha': 0.0, 'gamma': 1, 'lambda': 1, 'max_depth': 3, 'n_estimators': 9, 'subsample': 0.5}"
2,XGBoost Classifier,PCA 75% variance,24,0.6892327675895171,0.04694746546061193,0.4925629736799988,0.22704036685153942,"{'alpha': 0.0, 'gamma': 1, 'lambda': 1, 'max_depth': 2, 'n_estimators': 14, 'subsample': 0.5}"
3,XGBoost Classifier,PCA 80% variance,24,0.7753340426320797,0.01755879110169952,0.45961677161212633,0.12761793276779806,"{'alpha': 0.0, 'gamma': 1, 'lambda': 1, 'max_depth': 2, 'n_estimators': 8, 'subsample': 1}"
4,XGBoost Classifier,PCA 85% variance,24,0.6614816697968053,0.03082705744657694,0.43651796934089954,0.18547965251987542,"{'alpha': 0.0, 'gamma': 3, 'lambda': 1, 'max_depth': 2, 'n_estimators': 1, 'subsample': 1}"
5,XGBoost Classifier,PCA 90% variance,24,0.6747197161240228,0.047774623106428556,0.43651796934089954,0.18547965251987542,"{'alpha': 0.0, 'gamma': 3, 'lambda': 1, 'max_depth': 2, 'n_estimators': 1, 'subsample': 1}"
6,XGBoost Classifier,PCA 95% variance,24,0.8007234684519959,0.07257237615729113,0.4622629519168199,0.11225511949765997,"{'alpha': 0.0, 'gamma': 1, 'lambda': 1, 'max_depth': 4, 'n_estimators': 1, 'subsample': 1}"
7,XGBoost Classifier,PCA 100% variance,24,0.9096515024274959,0.021219857006029904,0.5205198253722365,0.17969892712230215,"{'alpha': 0.0, 'gamma': 1, 'lambda': 1, 'max_depth': 4, 'n_estimators': 1, 'subsample': 1}"
