,Features Selected,Training RMSE Score,Training Log RMSE Score,Validation RMSE Score,Validation RMSE Score
0,28.0,3128788.3192654382,1.715308640972927,1692478.1039496928,1.8678994819945658
1,34.0,3128788.3192654382,1.715308640972927,1692478.1039496928,1.8678994819945658
2,40.0,3128788.3192654382,1.715308640972927,1692478.1039496928,1.8678994819945658
3,45.0,3128788.3192654382,1.715308640972927,1692478.1039496928,1.8678994819945658
4,51.0,3128788.3192654382,1.715308640972927,1692478.1039496928,1.8678994819945658
