,Features Selected,Training RMSE Score,Training Log RMSE Score,Validation RMSE Score,Validation RMSE Score
0,28.0,2896983.756746651,1.24622192811894,1679872.261228723,1.4672250322333487
1,34.0,2896811.539443124,1.2093571648729156,1685754.722220131,1.4641619175535077
2,40.0,2896811.0131272487,1.2375797136375788,1686862.2015418205,1.4672231686211368
3,45.0,2896921.6250063265,1.2189701304194724,1690353.9496346314,1.5099374910379901
4,51.0,2896756.1795044583,1.2090166431699878,1691820.411375201,1.5057018992755151
5,57.0,2896696.74432134,1.1636887624595293,1692190.233310721,1.5110875719781631
