,Features Selected,Training RMSE Score,Training Log RMSE Score,Validation RMSE Score,Validation RMSE Score
0,171.0,2892801.8508422826,0.876180804790103,1678497.4959448266,1.6389543720233584
1,177.0,2892910.8452994917,0.8553552011067372,1675717.7485683882,1.6142954557803482
2,183.0,2893132.855291749,0.8535807431891194,1673095.4007691718,1.599867456380586
3,188.0,2893478.0581340264,0.855339461929875,1670603.0917586754,1.5961549126409778
4,194.0,2893638.050582698,0.8608430064927208,1677346.064582798,1.610871468232999
